"Status","Start Time","Stop Time","Duration in ms","Parent Suite","Suite","Sub Suite","Test Class","Test Method","Name","Description"
"passed","Wed Jul 07 15:59:02 CST 2021","Wed Jul 07 15:59:02 CST 2021","0","","test_02","","","","testb",""
"failed","Wed Jul 07 15:59:02 CST 2021","Wed Jul 07 15:59:02 CST 2021","1","","test_04","","","","test04",""
"passed","Wed Jul 07 15:59:02 CST 2021","Wed Jul 07 15:59:02 CST 2021","0","","test_02","","","","testa",""
"passed","Wed Jul 07 15:59:02 CST 2021","Wed Jul 07 15:59:02 CST 2021","0","","test_03","","","","test2",""
"passed","Wed Jul 07 15:59:02 CST 2021","Wed Jul 07 15:59:02 CST 2021","0","","test_03","","","","test5",""
"passed","Wed Jul 07 15:58:56 CST 2021","Wed Jul 07 15:59:02 CST 2021","6241","","test_01","","","","test_03",""
"passed","Wed Jul 07 15:58:42 CST 2021","Wed Jul 07 15:58:48 CST 2021","6196","","test_01","","","","test_01",""
"passed","Wed Jul 07 15:59:02 CST 2021","Wed Jul 07 15:59:02 CST 2021","0","","test_04","","","","test02",""
"passed","Wed Jul 07 15:58:48 CST 2021","Wed Jul 07 15:58:56 CST 2021","8304","","test_01","","","","test_02",""
"passed","Wed Jul 07 15:59:02 CST 2021","Wed Jul 07 15:59:02 CST 2021","1","","test_04","","","","test03",""
